{"swagger":"2.0","info":{"version":"v1","title":"KSP3.Reader.Api Lib v2024.5.31.1403","description":"Run on app v2024.5.31.1403"},"host":"localhost:8989","schemes":["http"],"paths":{"/SaveComment":{"get":{"tags":["CommentMeasureData"],"operationId":"CommentMeasureData_Post","consumes":["application/json","text/json"],"produces":["application/json","text/json"],"parameters":[{"name":"request.comments","in":"query","required":false,"type":"array","items":{},"collectionFormat":"multi"}],"responses":{"200":{"description":"OK","schema":{"format":"int32","type":"integer"}}}},"post":{"tags":["CommentMeasureData"],"operationId":"CommentMeasureData_Post","consumes":["application/json","text/json"],"produces":["application/json","text/json"],"parameters":[{"name":"request","in":"body","required":true,"schema":{"$ref":"#/definitions/SaveCommentMeasureDataRequest"}}],"responses":{"200":{"description":"OK","schema":{"format":"int32","type":"integer"}}}}},"/GetComment":{"get":{"tags":["CommentMeasureData"],"operationId":"CommentMeasureData_Post","consumes":["application/json","text/json"],"produces":["application/json","text/json"],"parameters":[{"name":"request.comments","in":"query","required":false,"type":"array","items":{},"collectionFormat":"multi"}],"responses":{"200":{"description":"OK","schema":{"$ref":"#/definitions/GetCommentMeasureDataRespone"}}}},"post":{"tags":["CommentMeasureData"],"operationId":"CommentMeasureData_Post","consumes":["application/json","text/json"],"produces":["application/json","text/json"],"parameters":[{"name":"request","in":"body","required":true,"schema":{"$ref":"#/definitions/GetCommentMeasureDataRequest"}}],"responses":{"200":{"description":"OK","schema":{"$ref":"#/definitions/GetCommentMeasureDataRespone"}}}}},"/GetConfig":{"get":{"tags":["Config"],"operationId":"Config_Post","consumes":["application/json","text/json"],"produces":["application/json","text/json"],"parameters":[],"responses":{"200":{"description":"OK","schema":{"$ref":"#/definitions/GetConfigServiceResponse"}}}},"post":{"tags":["Config"],"operationId":"Config_Post","consumes":["application/json","text/json"],"produces":["application/json","text/json"],"parameters":[{"name":"request","in":"body","required":true,"schema":{"$ref":"#/definitions/GetConfigServiceRequest"}}],"responses":{"200":{"description":"OK","schema":{"$ref":"#/definitions/GetConfigServiceResponse"}}}}},"/SetConfig":{"get":{"tags":["Config"],"operationId":"Config_Post","consumes":["application/json","text/json"],"produces":["application/json","text/json"],"parameters":[{"name":"request.config.portApi","in":"query","required":false,"type":"integer","format":"int32"},{"name":"request.config.pathFile","in":"query","required":false,"type":"string"},{"name":"request.config.databaseAccessConfig.connectionStrings","in":"query","required":false,"type":"array","items":{},"collectionFormat":"multi"},{"name":"request.config.copyDbLoaderConfig.backupWorkerConfigs","in":"query","required":false,"type":"array","items":{},"collectionFormat":"multi"},{"name":"request.config.copyDbLoaderConfig.restoreWorkerConfigs","in":"query","required":false,"type":"array","items":{},"collectionFormat":"multi"},{"name":"request.config.appDesktopConfig.fileLatestVersionUrl","in":"query","required":false,"type":"string"},{"name":"request.config.appDesktopConfig.serviceLatestVersionUrl","in":"query","required":false,"type":"string"},{"name":"request.config.appDesktopConfig.language","in":"query","required":false,"type":"string"},{"name":"request.config.appDesktopConfig.localService","in":"query","required":false,"type":"string"},{"name":"request.config.appDesktopConfig.udpService","in":"query","required":false,"type":"string"},{"name":"request.config.appDesktopConfig.idLocal","in":"query","required":false,"type":"string"},{"name":"request.config.appDesktopConfig.pathFile","in":"query","required":false,"type":"string"},{"name":"request.config.ServiceConfig.DesktopType","in":"query","required":false,"type":"integer","format":"int32","enum":[0,1,2]},{"name":"request.config.appDesktopConfig.enableDebug","in":"query","required":false,"type":"boolean"},{"name":"request.config.ServiceConfig.ClientConnections","in":"query","required":false,"type":"array","items":{},"collectionFormat":"multi"},{"name":"request.config.appDesktopConfig.user.name","in":"query","required":false,"type":"string"},{"name":"request.config.appDesktopConfig.user.isLogined","in":"query","required":false,"type":"boolean"},{"name":"request.config.enableDebug","in":"query","required":false,"type":"boolean"},{"name":"request.config.serviceReader.keepValueMaxCircleTime","in":"query","required":false,"type":"integer","format":"int32"}],"responses":{"200":{"description":"OK","schema":{"$ref":"#/definitions/SetConfigServiceResponse"}}}},"post":{"tags":["Config"],"operationId":"Config_Post","consumes":["application/json","text/json"],"produces":["application/json","text/json"],"parameters":[{"name":"request","in":"body","required":true,"schema":{"$ref":"#/definitions/SetConfigServiceRequest"}}],"responses":{"200":{"description":"OK","schema":{"$ref":"#/definitions/SetConfigServiceResponse"}}}}},"/GetConnection":{"get":{"tags":["Connection"],"operationId":"Connection_GetConnection","consumes":["application/json","text/json"],"produces":["application/json","text/json"],"parameters":[],"responses":{"200":{"description":"OK","schema":{"type":"array","items":{"$ref":"#/definitions/ConnectionEntity"}}}}},"post":{"tags":["Connection"],"operationId":"Connection_GetConnection","consumes":["application/json","text/json"],"produces":["application/json","text/json"],"parameters":[{"name":"request","in":"body","required":true,"schema":{"$ref":"#/definitions/GetConnectionRequest"}}],"responses":{"200":{"description":"OK","schema":{"type":"array","items":{"$ref":"#/definitions/ConnectionEntity"}}}}}},"/UpdateConnection":{"get":{"tags":["Connection"],"operationId":"Connection_UpdateConnection","consumes":["application/json","text/json"],"produces":["application/json","text/json"],"parameters":[{"name":"request.connection.central","in":"query","required":false,"type":"string"},{"name":"request.connection.timerConnect","in":"query","required":false,"type":"string"},{"name":"request.connection.modScan","in":"query","required":false,"type":"string"},{"name":"request.connection.statusGlobal","in":"query","required":false,"type":"string"}],"responses":{"200":{"description":"OK","schema":{"type":"boolean"}}}},"post":{"tags":["Connection"],"operationId":"Connection_UpdateConnection","consumes":["application/json","text/json"],"produces":["application/json","text/json"],"parameters":[{"name":"request","in":"body","required":true,"schema":{"$ref":"#/definitions/UpdateConnectionRequest"}}],"responses":{"200":{"description":"OK","schema":{"type":"boolean"}}}}},"/GetMeasureDataSummaryAll":{"get":{"tags":["Connector"],"operationId":"Connector_GetMeasureDataSummaryAll","consumes":["application/json","text/json"],"produces":["application/json","text/json"],"parameters":[],"responses":{"200":{"description":"OK","schema":{"$ref":"#/definitions/GetMeasureDataSummaryAllResponse"}}}},"post":{"tags":["Connector"],"operationId":"Connector_GetMeasureDataSummaryAll","consumes":["application/json","text/json"],"produces":["application/json","text/json"],"parameters":[{"name":"request","in":"body","required":true,"schema":{"$ref":"#/definitions/GetMeasureDataSummaryAllRequest"}}],"responses":{"200":{"description":"OK","schema":{"$ref":"#/definitions/GetMeasureDataSummaryAllResponse"}}}}},"/DeleteDetector":{"get":{"tags":["DetectorConfig"],"operationId":"DetectorConfig_Delete","consumes":["application/json","text/json"],"produces":["application/json","text/json"],"parameters":[{"name":"request.detector.iD","in":"query","required":false,"type":"string"},{"name":"request.detector.group","in":"query","required":false,"type":"string"},{"name":"request.detector.state","in":"query","required":false,"type":"integer","format":"int32"},{"name":"request.detector.range","in":"query","required":false,"type":"string"},{"name":"request.detector.createTime","in":"query","required":false,"type":"string","format":"date-time"},{"name":"request.detector.updateTime","in":"query","required":false,"type":"string","format":"date-time"},{"name":"request.detector.minChart","in":"query","required":false,"type":"number","format":"double"},{"name":"request.detector.maxChart","in":"query","required":false,"type":"number","format":"double"},{"name":"request.detector.minValue","in":"query","required":false,"type":"integer","format":"int32"},{"name":"request.detector.maxValue","in":"query","required":false,"type":"integer","format":"int32"},{"name":"request.detector.minHightChart","in":"query","required":false,"type":"number","format":"double"},{"name":"request.detector.maxHightChart","in":"query","required":false,"type":"number","format":"double"},{"name":"request.detector.chartDrawType","in":"query","required":false,"type":"integer","format":"int32"}],"responses":{"200":{"description":"OK","schema":{"format":"int32","type":"integer"}}}},"post":{"tags":["DetectorConfig"],"operationId":"DetectorConfig_Delete","consumes":["application/json","text/json"],"produces":["application/json","text/json"],"parameters":[{"name":"request","in":"body","required":true,"schema":{"$ref":"#/definitions/DeleteDetectorRequest"}}],"responses":{"200":{"description":"OK","schema":{"format":"int32","type":"integer"}}}}},"/GetDetectorConfig":{"get":{"tags":["DetectorConfig"],"operationId":"DetectorConfig_Get","consumes":["application/json","text/json"],"produces":["application/json","text/json"],"parameters":[{"name":"request.iDDectectors","in":"query","required":false,"type":"array","items":{"type":"string"},"collectionFormat":"multi"}],"responses":{"200":{"description":"OK","schema":{"$ref":"#/definitions/DetectorConfigResponse"}}}},"post":{"tags":["DetectorConfig"],"operationId":"DetectorConfig_Get","consumes":["application/json","text/json"],"produces":["application/json","text/json"],"parameters":[{"name":"request","in":"body","required":true,"schema":{"$ref":"#/definitions/DetectorConfigRequest"}}],"responses":{"200":{"description":"OK","schema":{"$ref":"#/definitions/DetectorConfigResponse"}}}}},"/SaveDetectorConfig":{"get":{"tags":["DetectorConfig"],"operationId":"DetectorConfig_Post","consumes":["application/json","text/json"],"produces":["application/json","text/json"],"parameters":[{"name":"request.detector.iD","in":"query","required":false,"type":"string"},{"name":"request.detector.group","in":"query","required":false,"type":"string"},{"name":"request.detector.state","in":"query","required":false,"type":"integer","format":"int32"},{"name":"request.detector.range","in":"query","required":false,"type":"string"},{"name":"request.detector.createTime","in":"query","required":false,"type":"string","format":"date-time"},{"name":"request.detector.updateTime","in":"query","required":false,"type":"string","format":"date-time"},{"name":"request.detector.minChart","in":"query","required":false,"type":"number","format":"double"},{"name":"request.detector.maxChart","in":"query","required":false,"type":"number","format":"double"},{"name":"request.detector.minValue","in":"query","required":false,"type":"integer","format":"int32"},{"name":"request.detector.maxValue","in":"query","required":false,"type":"integer","format":"int32"},{"name":"request.detector.minHightChart","in":"query","required":false,"type":"number","format":"double"},{"name":"request.detector.maxHightChart","in":"query","required":false,"type":"number","format":"double"},{"name":"request.detector.chartDrawType","in":"query","required":false,"type":"integer","format":"int32"},{"name":"request.detectorFormulas","in":"query","required":false,"type":"array","items":{},"collectionFormat":"multi"}],"responses":{"200":{"description":"OK","schema":{"format":"int32","type":"integer"}}}},"post":{"tags":["DetectorConfig"],"operationId":"DetectorConfig_Post","consumes":["application/json","text/json"],"produces":["application/json","text/json"],"parameters":[{"name":"request","in":"body","required":true,"schema":{"$ref":"#/definitions/SaveDetectorConfigRequest"}}],"responses":{"200":{"description":"OK","schema":{"format":"int32","type":"integer"}}}}},"/GetDeviceConfig":{"get":{"tags":["DeviceConfig"],"operationId":"DeviceConfig_Get","consumes":["application/json","text/json"],"produces":["application/json","text/json"],"parameters":[],"responses":{"200":{"description":"OK","schema":{"$ref":"#/definitions/GetDeviceConfigResponse"}}}},"post":{"tags":["DeviceConfig"],"operationId":"DeviceConfig_Get","consumes":["application/json","text/json"],"produces":["application/json","text/json"],"parameters":[{"name":"request","in":"body","required":true,"schema":{"$ref":"#/definitions/GetDeviceConfigRequest"}}],"responses":{"200":{"description":"OK","schema":{"$ref":"#/definitions/GetDeviceConfigResponse"}}}}},"/GetDeviceByID":{"get":{"tags":["DeviceConfig"],"operationId":"DeviceConfig_Get","consumes":["application/json","text/json"],"produces":["application/json","text/json"],"parameters":[{"name":"request.ids","in":"query","required":false,"type":"array","items":{"type":"string","format":"uuid"},"collectionFormat":"multi"}],"responses":{"200":{"description":"OK","schema":{"$ref":"#/definitions/GetDeviceByIDResponse"}}}},"post":{"tags":["DeviceConfig"],"operationId":"DeviceConfig_Get","consumes":["application/json","text/json"],"produces":["application/json","text/json"],"parameters":[{"name":"request","in":"body","required":true,"schema":{"$ref":"#/definitions/GetDeviceByIDRequest"}}],"responses":{"200":{"description":"OK","schema":{"$ref":"#/definitions/GetDeviceByIDResponse"}}}}},"/Reload":{"get":{"tags":["DeviceConfig"],"operationId":"DeviceConfig_Post","consumes":["application/json","text/json"],"produces":["application/json","text/json"],"parameters":[],"responses":{"200":{"description":"OK","schema":{"type":"boolean"}}}},"post":{"tags":["DeviceConfig"],"operationId":"DeviceConfig_Post","consumes":["application/json","text/json"],"produces":["application/json","text/json"],"parameters":[{"name":"request","in":"body","required":true,"schema":{"$ref":"#/definitions/ReloadDeviceConfigRequest"}}],"responses":{"200":{"description":"OK","schema":{"type":"boolean"}}}}},"/UpdateOnOff":{"get":{"tags":["DeviceConfig"],"operationId":"DeviceConfig_Post","consumes":["application/json","text/json"],"produces":["application/json","text/json"],"parameters":[{"name":"request.iD","in":"query","required":false,"type":"string","format":"uuid"},{"name":"request.isOff","in":"query","required":false,"type":"boolean"}],"responses":{"200":{"description":"OK","schema":{"type":"boolean"}}}},"post":{"tags":["DeviceConfig"],"operationId":"DeviceConfig_Post","consumes":["application/json","text/json"],"produces":["application/json","text/json"],"parameters":[{"name":"request","in":"body","required":true,"schema":{"$ref":"#/definitions/UpdateOnOffRequest"}}],"responses":{"200":{"description":"OK","schema":{"type":"boolean"}}}}},"/SaveDeviceConfig":{"get":{"tags":["DeviceConfig"],"operationId":"DeviceConfig_Post","consumes":["application/json","text/json"],"produces":["application/json","text/json"],"parameters":[{"name":"request.deviceConfigs","in":"query","required":false,"type":"array","items":{},"collectionFormat":"multi"}],"responses":{"200":{"description":"OK","schema":{"format":"int32","type":"integer"}}}},"post":{"tags":["DeviceConfig"],"operationId":"DeviceConfig_Post","consumes":["application/json","text/json"],"produces":["application/json","text/json"],"parameters":[{"name":"request","in":"body","required":true,"schema":{"$ref":"#/definitions/SaveDeviceConfigRequest"}}],"responses":{"200":{"description":"OK","schema":{"format":"int32","type":"integer"}}}}},"/File":{"get":{"tags":["File"],"operationId":"File_GetFile","consumes":[],"produces":["application/json","text/json"],"parameters":[{"name":"path","in":"query","required":true,"type":"string"},{"name":"type","in":"query","required":false,"type":"string"}],"responses":{"200":{"description":"OK","schema":{"$ref":"#/definitions/ApiResponseView"}}}}},"/file/{path}":{"get":{"tags":["File"],"operationId":"File_GetFile","consumes":[],"produces":["application/json","text/json"],"parameters":[{"name":"path","in":"path","required":true,"type":"string"},{"name":"type","in":"query","required":false,"type":"string"}],"responses":{"200":{"description":"OK","schema":{"$ref":"#/definitions/ApiResponseView"}}}}},"/api/File":{"get":{"tags":["File"],"operationId":"File_GetFile","consumes":[],"produces":["application/json","text/json"],"parameters":[{"name":"path","in":"query","required":true,"type":"string"},{"name":"type","in":"query","required":false,"type":"string"}],"responses":{"200":{"description":"OK","schema":{"$ref":"#/definitions/ApiResponseView"}}}}},"/Ping":{"get":{"tags":["General"],"operationId":"General_Ping","consumes":["application/json","text/json"],"produces":["application/json","text/json"],"parameters":[],"responses":{"200":{"description":"OK","schema":{"type":"string"}}}},"post":{"tags":["General"],"operationId":"General_Ping","consumes":["application/json","text/json"],"produces":["application/json","text/json"],"parameters":[{"name":"request","in":"body","required":true,"schema":{"$ref":"#/definitions/PingRequest"}}],"responses":{"200":{"description":"OK","schema":{"type":"string"}}}}},"/AddBackupWorker":{"get":{"tags":["ManageWorker"],"operationId":"ManageWorker_AddBackupWorker","consumes":["application/json","text/json"],"produces":["application/json","text/json"],"parameters":[{"name":"config.resetAtTime","in":"query","required":false,"type":"string"},{"name":"config.resetAtDay","in":"query","required":false,"type":"integer","format":"int32","enum":[0,1,2,3,4,5,6]},{"name":"config.id","in":"query","required":false,"type":"string"},{"name":"config.delayTime","in":"query","required":false,"type":"string"},{"name":"config.dirRoot","in":"query","required":false,"type":"string"},{"name":"config.dirData","in":"query","required":false,"type":"string"},{"name":"config.workerMode","in":"query","required":false,"type":"integer","format":"int32","enum":[0,1]},{"name":"config.sqlConnectString","in":"query","required":false,"type":"string"}],"responses":{"200":{"description":"OK","schema":{"type":"array","items":{"$ref":"#/definitions/IWorker"}}}}},"post":{"tags":["ManageWorker"],"operationId":"ManageWorker_AddBackupWorker","consumes":["application/json","text/json"],"produces":["application/json","text/json"],"parameters":[{"name":"config","in":"body","required":true,"schema":{"$ref":"#/definitions/BackupWorkerConfig"}}],"responses":{"200":{"description":"OK","schema":{"type":"array","items":{"$ref":"#/definitions/IWorker"}}}}}},"/AddRestoreWorker":{"get":{"tags":["ManageWorker"],"operationId":"ManageWorker_AddRestoreWorker","consumes":["application/json","text/json"],"produces":["application/json","text/json"],"parameters":[{"name":"config.idBackupWorker","in":"query","required":false,"type":"string"},{"name":"config.backupAddress","in":"query","required":false,"type":"string"},{"name":"config.maxFileDownload","in":"query","required":false,"type":"integer","format":"int32"},{"name":"config.id","in":"query","required":false,"type":"string"},{"name":"config.delayTime","in":"query","required":false,"type":"string"},{"name":"config.dirRoot","in":"query","required":false,"type":"string"},{"name":"config.dirData","in":"query","required":false,"type":"string"},{"name":"config.workerMode","in":"query","required":false,"type":"integer","format":"int32","enum":[0,1]},{"name":"config.sqlConnectString","in":"query","required":false,"type":"string"}],"responses":{"200":{"description":"OK","schema":{"type":"array","items":{"$ref":"#/definitions/IWorker"}}}}},"post":{"tags":["ManageWorker"],"operationId":"ManageWorker_AddRestoreWorker","consumes":["application/json","text/json"],"produces":["application/json","text/json"],"parameters":[{"name":"config","in":"body","required":true,"schema":{"$ref":"#/definitions/RestoreWorkerConfig"}}],"responses":{"200":{"description":"OK","schema":{"type":"array","items":{"$ref":"#/definitions/IWorker"}}}}}},"/GetNewBackup":{"get":{"tags":["ManageWorker"],"operationId":"ManageWorker_GetNewBackupApi","consumes":["application/json","text/json"],"produces":["application/json","text/json"],"parameters":[{"name":"getFileBackup.idBackupWorker","in":"query","required":false,"type":"string"},{"name":"getFileBackup.currentVersion","in":"query","required":false,"type":"string"}],"responses":{"200":{"description":"OK","schema":{"type":"object"}}}},"post":{"tags":["ManageWorker"],"operationId":"ManageWorker_GetNewBackupApi","consumes":["application/json","text/json"],"produces":["application/json","text/json"],"parameters":[{"name":"getFileBackup","in":"body","required":true,"schema":{"$ref":"#/definitions/GetNewBackupRequest"}}],"responses":{"200":{"description":"OK","schema":{"type":"object"}}}},"head":{"tags":["ManageWorker"],"operationId":"ManageWorker_GetNewBackupApi","consumes":["application/json","text/json"],"produces":["application/json","text/json"],"parameters":[{"name":"getFileBackup","in":"body","required":true,"schema":{"$ref":"#/definitions/GetNewBackupRequest"}}],"responses":{"200":{"description":"OK","schema":{"type":"object"}}}}},"/GetWorkers":{"get":{"tags":["ManageWorker"],"operationId":"ManageWorker_GetWorkers","consumes":["application/json","text/json"],"produces":["application/json","text/json"],"parameters":[{"name":"ids","in":"query","required":true,"type":"array","items":{"type":"string"},"collectionFormat":"multi"}],"responses":{"200":{"description":"OK","schema":{"type":"array","items":{"$ref":"#/definitions/IWorker"}}}}},"post":{"tags":["ManageWorker"],"operationId":"ManageWorker_GetWorkers","consumes":["application/json","text/json"],"produces":["application/json","text/json"],"parameters":[{"name":"ids","in":"body","required":true,"schema":{"type":"array","items":{"type":"string"}}}],"responses":{"200":{"description":"OK","schema":{"type":"array","items":{"$ref":"#/definitions/IWorker"}}}}}},"/RemoveWorker":{"get":{"tags":["ManageWorker"],"operationId":"ManageWorker_RemoveWorker","consumes":["application/json","text/json"],"produces":["application/json","text/json"],"parameters":[{"name":"id","in":"query","required":true,"type":"string"}],"responses":{"200":{"description":"OK","schema":{"type":"boolean"}}}},"post":{"tags":["ManageWorker"],"operationId":"ManageWorker_RemoveWorker","consumes":["application/json","text/json"],"produces":["application/json","text/json"],"parameters":[{"name":"id","in":"body","required":true,"schema":{"type":"string"}}],"responses":{"200":{"description":"OK","schema":{"type":"boolean"}}}}},"/GetMapSetting":{"get":{"tags":["Map"],"operationId":"Map_GetMapSettingAsync","consumes":["application/json","text/json"],"produces":["application/json","text/json"],"parameters":[],"responses":{"200":{"description":"OK","schema":{"$ref":"#/definitions/GetMapSettingResponse"}}}},"post":{"tags":["Map"],"operationId":"Map_GetMapSettingAsync","consumes":["application/json","text/json"],"produces":["application/json","text/json"],"parameters":[{"name":"request","in":"body","required":true,"schema":{"$ref":"#/definitions/GetMapSettingRequest"}}],"responses":{"200":{"description":"OK","schema":{"$ref":"#/definitions/GetMapSettingResponse"}}}}},"/Map":{"get":{"tags":["Map"],"operationId":"Map_Index","consumes":[],"produces":["application/json","text/json"],"responses":{"200":{"description":"OK","schema":{"$ref":"#/definitions/ApiResponseView"}}}}},"/api/Map":{"get":{"tags":["Map"],"operationId":"Map_Index","consumes":[],"produces":["application/json","text/json"],"responses":{"200":{"description":"OK","schema":{"$ref":"#/definitions/ApiResponseView"}}}}},"/UpdateMeasure":{"get":{"tags":["Measure"],"operationId":"Measure_Post","consumes":["application/json","text/json"],"produces":["application/json","text/json"],"parameters":[{"name":"request.measures","in":"query","required":false,"type":"array","items":{},"collectionFormat":"multi"}],"responses":{"200":{"description":"OK","schema":{"format":"int32","type":"integer"}}}},"post":{"tags":["Measure"],"operationId":"Measure_Post","consumes":["application/json","text/json"],"produces":["application/json","text/json"],"parameters":[{"name":"request","in":"body","required":true,"schema":{"$ref":"#/definitions/UpdateMeasureRequest"}}],"responses":{"200":{"description":"OK","schema":{"format":"int32","type":"integer"}}}}},"/GetLogs":{"get":{"tags":["MeasureData"],"operationId":"MeasureData_Get","consumes":["application/json","text/json"],"produces":["application/json","text/json"],"parameters":[{"name":"request.fromTime","in":"query","required":false,"type":"string","format":"date-time"},{"name":"request.toTime","in":"query","required":false,"type":"string","format":"date-time"}],"responses":{"200":{"description":"OK","schema":{"$ref":"#/definitions/GetMeasureLogResponse"}}}},"post":{"tags":["MeasureData"],"operationId":"MeasureData_Get","consumes":["application/json","text/json"],"produces":["application/json","text/json"],"parameters":[{"name":"request","in":"body","required":true,"schema":{"$ref":"#/definitions/GetMeasureLogRequest"}}],"responses":{"200":{"description":"OK","schema":{"$ref":"#/definitions/GetMeasureLogResponse"}}}}},"/GetInfoTimeFetchDataInServiceRequest":{"get":{"tags":["MeasureData"],"operationId":"MeasureData_Get","consumes":["application/json","text/json"],"produces":["application/json","text/json"],"parameters":[],"responses":{"200":{"description":"OK","schema":{"$ref":"#/definitions/GetInfoTimeFetchDataInServiceResponse"}}}},"post":{"tags":["MeasureData"],"operationId":"MeasureData_Get","consumes":["application/json","text/json"],"produces":["application/json","text/json"],"parameters":[{"name":"request","in":"body","required":true,"schema":{"$ref":"#/definitions/GetInfoTimeFetchDataInServiceRequest"}}],"responses":{"200":{"description":"OK","schema":{"$ref":"#/definitions/GetInfoTimeFetchDataInServiceResponse"}}}}},"/GetMeasureDataAndLogs":{"get":{"tags":["MeasureData"],"operationId":"MeasureData_Get","consumes":["application/json","text/json"],"produces":["application/json","text/json"],"parameters":[{"name":"request.logFromTime","in":"query","required":false,"type":"string","format":"date-time"},{"name":"request.logToTime","in":"query","required":false,"type":"string","format":"date-time"}],"responses":{"200":{"description":"OK","schema":{"$ref":"#/definitions/GetMeasureDataAndLogsResponse"}}}},"post":{"tags":["MeasureData"],"operationId":"MeasureData_Get","consumes":["application/json","text/json"],"produces":["application/json","text/json"],"parameters":[{"name":"request","in":"body","required":true,"schema":{"$ref":"#/definitions/GetMeasureDataAndLogsRequest"}}],"responses":{"200":{"description":"OK","schema":{"$ref":"#/definitions/GetMeasureDataAndLogsResponse"}}}}},"/GetPortServerNotifier":{"get":{"tags":["MeasureData"],"operationId":"MeasureData_Get","consumes":["application/json","text/json"],"produces":["application/json","text/json"],"parameters":[],"responses":{"200":{"description":"OK","schema":{"format":"int32","type":"integer"}}}},"post":{"tags":["MeasureData"],"operationId":"MeasureData_Get","consumes":["application/json","text/json"],"produces":["application/json","text/json"],"parameters":[{"name":"request","in":"body","required":true,"schema":{"$ref":"#/definitions/GetPortServerNotifierRequest"}}],"responses":{"200":{"description":"OK","schema":{"format":"int32","type":"integer"}}}}},"/GetMeasureData":{"get":{"tags":["MeasureData"],"operationId":"MeasureData_Get","consumes":["application/json","text/json"],"produces":["application/json","text/json"],"parameters":[],"responses":{"200":{"description":"OK","schema":{"$ref":"#/definitions/GetMeasureDataReponse"}}}},"post":{"tags":["MeasureData"],"operationId":"MeasureData_Get","consumes":["application/json","text/json"],"produces":["application/json","text/json"],"parameters":[{"name":"request","in":"body","required":true,"schema":{"$ref":"#/definitions/GetMeasureDataRequest"}}],"responses":{"200":{"description":"OK","schema":{"$ref":"#/definitions/GetMeasureDataReponse"}}}}},"/GetCalibFormula":{"get":{"tags":["MeasureData"],"operationId":"MeasureData_Get","consumes":["application/json","text/json"],"produces":["application/json","text/json"],"parameters":[],"responses":{"200":{"description":"OK","schema":{"$ref":"#/definitions/GetCalibFormulaResponse"}}}},"post":{"tags":["MeasureData"],"operationId":"MeasureData_Get","consumes":["application/json","text/json"],"produces":["application/json","text/json"],"parameters":[{"name":"request","in":"body","required":true,"schema":{"$ref":"#/definitions/GetCalibFormulaRequest"}}],"responses":{"200":{"description":"OK","schema":{"$ref":"#/definitions/GetCalibFormulaResponse"}}}}},"/UpdateLockControls":{"get":{"tags":["MeasureData"],"operationId":"MeasureData_Post","consumes":["application/json","text/json"],"produces":["application/json","text/json"],"parameters":[{"name":"request.iDDevice","in":"query","required":false,"type":"string","format":"uuid"},{"name":"request.lockControlState1","in":"query","required":false,"type":"integer","format":"int32","enum":[0,1,2]},{"name":"request.lockControlState2","in":"query","required":false,"type":"integer","format":"int32","enum":[0,1,2]}],"responses":{"200":{"description":"OK","schema":{"$ref":"#/definitions/UpdateLockControlReponse"}}}},"post":{"tags":["MeasureData"],"operationId":"MeasureData_Post","consumes":["application/json","text/json"],"produces":["application/json","text/json"],"parameters":[{"name":"request","in":"body","required":true,"schema":{"$ref":"#/definitions/UpdateLockControlRequest"}}],"responses":{"200":{"description":"OK","schema":{"$ref":"#/definitions/UpdateLockControlReponse"}}}}},"/PostUpdateCalibMode":{"get":{"tags":["MeasureData"],"operationId":"MeasureData_Post","consumes":["application/json","text/json"],"produces":["application/json","text/json"],"parameters":[{"name":"request.iDDevice","in":"query","required":false,"type":"string","format":"uuid"},{"name":"request.calibMode","in":"query","required":false,"type":"integer","format":"int32","enum":[0,1,2,10,11,20]}],"responses":{"200":{"description":"OK","schema":{"$ref":"#/definitions/UpdateCalibModeRespone"}}}},"post":{"tags":["MeasureData"],"operationId":"MeasureData_Post","consumes":["application/json","text/json"],"produces":["application/json","text/json"],"parameters":[{"name":"request","in":"body","required":true,"schema":{"$ref":"#/definitions/UpdateCalibModeRequest"}}],"responses":{"200":{"description":"OK","schema":{"$ref":"#/definitions/UpdateCalibModeRespone"}}}}},"/GetMeasureDataReport":{"get":{"tags":["MeasureData"],"operationId":"MeasureData_Post","consumes":["application/json","text/json"],"produces":["application/json","text/json"],"parameters":[{"name":"request.fromTime","in":"query","required":false,"type":"string","format":"date-time"},{"name":"request.toTime","in":"query","required":false,"type":"string","format":"date-time"},{"name":"request.idDevices","in":"query","required":false,"type":"array","items":{"type":"string","format":"uuid"},"collectionFormat":"multi"}],"responses":{"200":{"description":"OK","schema":{"$ref":"#/definitions/GetMeasureDataReportResponse"}}}},"post":{"tags":["MeasureData"],"operationId":"MeasureData_Post","consumes":["application/json","text/json"],"produces":["application/json","text/json"],"parameters":[{"name":"request","in":"body","required":true,"schema":{"$ref":"#/definitions/GetMeasureDataReportRequest"}}],"responses":{"200":{"description":"OK","schema":{"$ref":"#/definitions/GetMeasureDataReportResponse"}}}}},"/GetMeasureDataSummary":{"get":{"tags":["MeasureData"],"operationId":"MeasureData_GetMeasureDataSummary","consumes":["application/json","text/json"],"produces":["application/json","text/json"],"parameters":[],"responses":{"200":{"description":"OK","schema":{"$ref":"#/definitions/GetMeasureDataSummaryResponse"}}}},"post":{"tags":["MeasureData"],"operationId":"MeasureData_GetMeasureDataSummary","consumes":["application/json","text/json"],"produces":["application/json","text/json"],"parameters":[{"name":"request","in":"body","required":true,"schema":{"$ref":"#/definitions/GetMeasureDataSummaryRequest"}}],"responses":{"200":{"description":"OK","schema":{"$ref":"#/definitions/GetMeasureDataSummaryResponse"}}}}},"/GetAOAG":{"get":{"tags":["SetAOAGFixed"],"operationId":"SetAOAGFixed_GetAOAG","consumes":["application/json","text/json"],"produces":["application/json","text/json"],"parameters":[],"responses":{"200":{"description":"OK","schema":{"$ref":"#/definitions/GetAOAGFixedResponse"}}}},"post":{"tags":["SetAOAGFixed"],"operationId":"SetAOAGFixed_GetAOAG","consumes":["application/json","text/json"],"produces":["application/json","text/json"],"parameters":[{"name":"request","in":"body","required":true,"schema":{"$ref":"#/definitions/GetAOAGFixedRequest"}}],"responses":{"200":{"description":"OK","schema":{"$ref":"#/definitions/GetAOAGFixedResponse"}}}}},"/SetAOAG":{"get":{"tags":["SetAOAGFixed"],"operationId":"SetAOAGFixed_SetAOAG","consumes":["application/json","text/json"],"produces":["application/json","text/json"],"parameters":[{"name":"request.chanels","in":"query","required":false,"type":"string"},{"name":"request.alarmType","in":"query","required":false,"type":"integer","format":"int32","enum":[0,1,2,3]}],"responses":{"200":{"description":"OK","schema":{"$ref":"#/definitions/SetAOAGFixedResponse"}}}},"post":{"tags":["SetAOAGFixed"],"operationId":"SetAOAGFixed_SetAOAG","consumes":["application/json","text/json"],"produces":["application/json","text/json"],"parameters":[{"name":"request","in":"body","required":true,"schema":{"$ref":"#/definitions/SetAOAGFixedRequest"}}],"responses":{"200":{"description":"OK","schema":{"$ref":"#/definitions/SetAOAGFixedResponse"}}}}},"/GetSettingApiRuntime":{"get":{"tags":["SettingApiRuntime"],"operationId":"SettingApiRuntime_Post","consumes":["application/json","text/json"],"produces":["application/json","text/json"],"parameters":[],"responses":{"200":{"description":"OK","schema":{"$ref":"#/definitions/SettingApiRuntime"}}}},"post":{"tags":["SettingApiRuntime"],"operationId":"SettingApiRuntime_Post","consumes":["application/json","text/json"],"produces":["application/json","text/json"],"parameters":[{"name":"request","in":"body","required":true,"schema":{"$ref":"#/definitions/GetSettingApiRuntimeRequest"}}],"responses":{"200":{"description":"OK","schema":{"$ref":"#/definitions/SettingApiRuntime"}}}}},"/SaveSettingApiRuntime":{"get":{"tags":["SettingApiRuntime"],"operationId":"SettingApiRuntime_Post","consumes":["application/json","text/json"],"produces":["application/json","text/json"],"parameters":[{"name":"request.settingApiRuntime.connectionStrings","in":"query","required":false,"type":"array","items":{},"collectionFormat":"multi"},{"name":"request.settingApiRuntime.appSettings","in":"query","required":false,"type":"array","items":{},"collectionFormat":"multi"}],"responses":{"200":{"description":"OK","schema":{"$ref":"#/definitions/SettingApiRuntime"}}}},"post":{"tags":["SettingApiRuntime"],"operationId":"SettingApiRuntime_Post","consumes":["application/json","text/json"],"produces":["application/json","text/json"],"parameters":[{"name":"request","in":"body","required":true,"schema":{"$ref":"#/definitions/SaveSettingApiRuntimeRequest"}}],"responses":{"200":{"description":"OK","schema":{"$ref":"#/definitions/SettingApiRuntime"}}}}},"/ReloadRuntime":{"get":{"tags":["SettingApiRuntime"],"operationId":"SettingApiRuntime_Post","consumes":["application/json","text/json"],"produces":["application/json","text/json"],"parameters":[],"responses":{"200":{"description":"OK","schema":{"type":"boolean"}}}},"post":{"tags":["SettingApiRuntime"],"operationId":"SettingApiRuntime_Post","consumes":["application/json","text/json"],"produces":["application/json","text/json"],"parameters":[{"name":"request","in":"body","required":true,"schema":{"$ref":"#/definitions/ReloadRuntimeRequest"}}],"responses":{"200":{"description":"OK","schema":{"type":"boolean"}}}}},"/GetSettingApp":{"get":{"tags":["SettingApp"],"operationId":"SettingApp_Post","consumes":["application/json","text/json"],"produces":["application/json","text/json"],"parameters":[{"name":"request.settingKey","in":"query","required":false,"type":"integer","format":"int32","enum":[0,1,2,3,4,5,6,7,8,9,10,11,12,13,14,15]}],"responses":{"200":{"description":"OK","schema":{"$ref":"#/definitions/SettingAppEntity"}}}},"post":{"tags":["SettingApp"],"operationId":"SettingApp_Post","consumes":["application/json","text/json"],"produces":["application/json","text/json"],"parameters":[{"name":"request","in":"body","required":true,"schema":{"$ref":"#/definitions/SettingAppRequest"}}],"responses":{"200":{"description":"OK","schema":{"$ref":"#/definitions/SettingAppEntity"}}}}},"/SaveSettings":{"get":{"tags":["SettingApp"],"operationId":"SettingApp_Post","consumes":["application/json","text/json"],"produces":["application/json","text/json"],"parameters":[{"name":"request.settings","in":"query","required":false,"type":"array","items":{},"collectionFormat":"multi"}],"responses":{"200":{"description":"OK","schema":{"format":"int32","type":"integer"}}}},"post":{"tags":["SettingApp"],"operationId":"SettingApp_Post","consumes":["application/json","text/json"],"produces":["application/json","text/json"],"parameters":[{"name":"request","in":"body","required":true,"schema":{"$ref":"#/definitions/SaveSettingAppRequest"}}],"responses":{"200":{"description":"OK","schema":{"format":"int32","type":"integer"}}}}},"/ExecuteCommand":{"get":{"tags":["SqlDatabase"],"operationId":"SqlDatabase_ExecuteCommandAsync","consumes":[],"produces":["application/json","text/json"],"responses":{"200":{"description":"OK","schema":{"type":"array","items":{"type":"string"}}}}},"post":{"tags":["SqlDatabase"],"operationId":"SqlDatabase_ExecuteCommandAsync","consumes":[],"produces":["application/json","text/json"],"responses":{"200":{"description":"OK","schema":{"type":"array","items":{"type":"string"}}}}}},"/ExecuteQuery":{"get":{"tags":["SqlDatabase"],"operationId":"SqlDatabase_ExecuteQueryAsync","consumes":[],"produces":["application/json","text/json"],"responses":{"200":{"description":"OK","schema":{"$ref":"#/definitions/ExecuteResult"}}}},"post":{"tags":["SqlDatabase"],"operationId":"SqlDatabase_ExecuteQueryAsync","consumes":[],"produces":["application/json","text/json"],"responses":{"200":{"description":"OK","schema":{"$ref":"#/definitions/ExecuteResult"}}}}},"/ExecuteSqlCmd":{"get":{"tags":["SqlDatabase"],"operationId":"SqlDatabase_ExecuteSqlCmdAsync","consumes":[],"produces":["application/json","text/json"],"responses":{"200":{"description":"OK","schema":{"$ref":"#/definitions/ExecuteSqlCmdRespone"}}}},"post":{"tags":["SqlDatabase"],"operationId":"SqlDatabase_ExecuteSqlCmdAsync","consumes":[],"produces":["application/json","text/json"],"responses":{"200":{"description":"OK","schema":{"$ref":"#/definitions/ExecuteSqlCmdRespone"}}}}},"/ExportDataZip":{"get":{"tags":["SysncTable"],"operationId":"SysncTable_ExportDataZipApi","consumes":["application/json","text/json"],"produces":["application/json","text/json"],"parameters":[{"name":"request.tableName","in":"query","required":false,"type":"string"},{"name":"request.idServerConnectionString","in":"query","required":false,"type":"string"},{"name":"request.query","in":"query","required":false,"type":"string"},{"name":"request.dynamicParamJson","in":"query","required":false,"type":"string"}],"responses":{"200":{"description":"OK","schema":{"type":"object"}}}},"post":{"tags":["SysncTable"],"operationId":"SysncTable_ExportDataZipApi","consumes":["application/json","text/json"],"produces":["application/json","text/json"],"parameters":[{"name":"request","in":"body","required":true,"schema":{"$ref":"#/definitions/ExportDataZipRequest"}}],"responses":{"200":{"description":"OK","schema":{"type":"object"}}}}},"/ImportDataZip":{"post":{"tags":["SysncTable"],"operationId":"SysncTable_ImportDataZip","consumes":["application/json","text/json"],"produces":["application/json","text/json"],"parameters":[{"name":"request","in":"body","required":true,"schema":{"$ref":"#/definitions/ImportDataZipRequest"}}],"responses":{"200":{"description":"OK","schema":{"type":"boolean"}}}}},"/MergeDataZip":{"post":{"tags":["SysncTable"],"operationId":"SysncTable_MergeDataZip","consumes":["application/json","text/json"],"produces":["application/json","text/json"],"parameters":[{"name":"request","in":"body","required":true,"schema":{"$ref":"#/definitions/MergeDataZipRequest"}}],"responses":{"200":{"description":"OK","schema":{"type":"boolean"}}}}},"/GetInfoDatabase":{"post":{"tags":["SysncTable"],"operationId":"SysncTable_GetInfoDatabase","consumes":["application/json","text/json"],"produces":["application/json","text/json"],"parameters":[{"name":"request","in":"body","required":true,"schema":{"$ref":"#/definitions/GetInfoDatabaseRequest"}}],"responses":{"200":{"description":"OK","schema":{"$ref":"#/definitions/GetInfoDatabaseResponse"}}}}},"/QueryDatabase":{"post":{"tags":["SysncTable"],"operationId":"SysncTable_QueryDatabase","consumes":["application/json","text/json"],"produces":["application/json","text/json"],"parameters":[{"name":"request","in":"body","required":true,"schema":{"$ref":"#/definitions/QueryDatabaseRequest"}}],"responses":{"200":{"description":"OK","schema":{"$ref":"#/definitions/QueryDatabaseResponse"}}}}},"/SaveConfigSyncTable":{"post":{"tags":["SysncTable"],"operationId":"SysncTable_SaveConfigSyncTable","consumes":["application/json","text/json"],"produces":["application/json","text/json"],"parameters":[{"name":"request","in":"body","required":true,"schema":{"$ref":"#/definitions/SaveConfigSyncTableRequest"}}],"responses":{"200":{"description":"OK","schema":{"type":"boolean"}}}}},"/GetConfigSyncTable":{"post":{"tags":["SysncTable"],"operationId":"SysncTable_GetConfigSyncTable","consumes":["application/json","text/json"],"produces":["application/json","text/json"],"parameters":[{"name":"request","in":"body","required":true,"schema":{"$ref":"#/definitions/GetConfigSyncTableRequest"}}],"responses":{"200":{"description":"OK","schema":{"type":"string"}}}}},"/GetTemplateMerge":{"get":{"tags":["SysncTable"],"operationId":"SysncTable_GetTemplateMerge","consumes":["application/json","text/json"],"produces":["application/json","text/json"],"parameters":[{"name":"request.tableName","in":"query","required":false,"type":"string"},{"name":"request.idServerConnectionString","in":"query","required":false,"type":"string"}],"responses":{"200":{"description":"OK","schema":{"type":"string"}}}},"post":{"tags":["SysncTable"],"operationId":"SysncTable_GetTemplateMerge","consumes":["application/json","text/json"],"produces":["application/json","text/json"],"parameters":[{"name":"request","in":"body","required":true,"schema":{"$ref":"#/definitions/TemplateMergeRequest"}}],"responses":{"200":{"description":"OK","schema":{"type":"string"}}}}},"/GetInputFormat":{"post":{"tags":["SysncTable"],"operationId":"SysncTable_GetInputFormatJsonDemo","consumes":["application/json","text/json"],"produces":["application/json","text/json"],"parameters":[{"name":"request","in":"body","required":true,"schema":{"$ref":"#/definitions/GetInputFormatJsonDemoRequest"}}],"responses":{"200":{"description":"OK","schema":{"type":"string"}}}}},"/SysncTable":{"post":{"tags":["SysncTable"],"operationId":"SysncTable_CreateInputForQuery","consumes":[],"produces":["application/json","text/json"],"parameters":[{"name":"withCte","in":"query","required":true,"type":"string"},{"name":"cte","in":"query","required":true,"type":"string"},{"name":"connectionNode.id","in":"query","required":false,"type":"string"},{"name":"connectionNode.connectionString","in":"query","required":false,"type":"string"},{"name":"connectionNode.connectionType","in":"query","required":false,"type":"integer","format":"int32","enum":[0,1]},{"name":"connectionNode.permissionConfig.isAllowRead","in":"query","required":false,"type":"boolean"},{"name":"connectionNode.permissionConfig.isAllowInsert","in":"query","required":false,"type":"boolean"},{"name":"connectionNode.permissionConfig.isAllowUpdate","in":"query","required":false,"type":"boolean"},{"name":"connectionNode.permissionConfig.isAllowDelete","in":"query","required":false,"type":"boolean"},{"name":"endpoint.id","in":"query","required":false,"type":"string"},{"name":"endpoint.name","in":"query","required":false,"type":"string"},{"name":"endpoint.apiServerEndpoint","in":"query","required":false,"type":"string"},{"name":"request.connectionType","in":"query","required":false,"type":"integer","format":"int32","enum":[0,1]},{"name":"request.idLocalConnectionString","in":"query","required":false,"type":"string"},{"name":"request.idEndpointServer","in":"query","required":false,"type":"string"},{"name":"request.exportDataRequest.tableName","in":"query","required":false,"type":"string"},{"name":"request.exportDataRequest.idServerConnectionString","in":"query","required":false,"type":"string"},{"name":"request.exportDataRequest.query","in":"query","required":false,"type":"string"},{"name":"request.exportDataRequest.dynamicParamJson","in":"query","required":false,"type":"string"},{"name":"request.dynamicParamJson","in":"query","required":false,"type":"string"}],"responses":{"200":{"description":"OK","schema":{"type":"object"}}}}},"/api/SysncTable":{"post":{"tags":["SysncTable"],"operationId":"SysncTable_CreateInputForQuery","consumes":[],"produces":["application/json","text/json"],"parameters":[{"name":"withCte","in":"query","required":true,"type":"string"},{"name":"cte","in":"query","required":true,"type":"string"},{"name":"connectionNode.id","in":"query","required":false,"type":"string"},{"name":"connectionNode.connectionString","in":"query","required":false,"type":"string"},{"name":"connectionNode.connectionType","in":"query","required":false,"type":"integer","format":"int32","enum":[0,1]},{"name":"connectionNode.permissionConfig.isAllowRead","in":"query","required":false,"type":"boolean"},{"name":"connectionNode.permissionConfig.isAllowInsert","in":"query","required":false,"type":"boolean"},{"name":"connectionNode.permissionConfig.isAllowUpdate","in":"query","required":false,"type":"boolean"},{"name":"connectionNode.permissionConfig.isAllowDelete","in":"query","required":false,"type":"boolean"},{"name":"endpoint.id","in":"query","required":false,"type":"string"},{"name":"endpoint.name","in":"query","required":false,"type":"string"},{"name":"endpoint.apiServerEndpoint","in":"query","required":false,"type":"string"},{"name":"request.connectionType","in":"query","required":false,"type":"integer","format":"int32","enum":[0,1]},{"name":"request.idLocalConnectionString","in":"query","required":false,"type":"string"},{"name":"request.idEndpointServer","in":"query","required":false,"type":"string"},{"name":"request.exportDataRequest.tableName","in":"query","required":false,"type":"string"},{"name":"request.exportDataRequest.idServerConnectionString","in":"query","required":false,"type":"string"},{"name":"request.exportDataRequest.query","in":"query","required":false,"type":"string"},{"name":"request.exportDataRequest.dynamicParamJson","in":"query","required":false,"type":"string"},{"name":"request.dynamicParamJson","in":"query","required":false,"type":"string"}],"responses":{"200":{"description":"OK","schema":{"type":"object"}}}}}},"definitions":{"SaveCommentMeasureDataRequest":{"type":"object","properties":{"Comments":{"type":"array","items":{"$ref":"#/definitions/CommentMeasureDataEntity"}}}},"CommentMeasureDataEntity":{"type":"object","properties":{"ID":{"format":"uuid","type":"string","example":"00000000-0000-0000-0000-000000000000"},"FromTime":{"format":"date-time","type":"string"},"ToTime":{"format":"date-time","type":"string"},"Comment":{"type":"string"},"IDDevice":{"format":"uuid","type":"string","example":"00000000-0000-0000-0000-000000000000"},"DevicePosition":{"type":"string"},"UpdateTime":{"format":"date-time","type":"string"},"IsDelete":{"type":"boolean"},"CommentBy":{"type":"string"}}},"GetCommentMeasureDataRequest":{"type":"object","properties":{"Comments":{"type":"array","items":{"$ref":"#/definitions/CommentMeasureDataEntity"}}}},"GetCommentMeasureDataRespone":{"type":"object","properties":{"Comments":{"type":"object","additionalProperties":{"type":"array","items":{"$ref":"#/definitions/CommentMeasureDataEntity"}}}}},"GetConfigServiceRequest":{"type":"object","properties":{}},"GetConfigServiceResponse":{"type":"object","properties":{"Config":{"$ref":"#/definitions/ServiceConfig"}}},"ServiceConfig":{"type":"object","properties":{"PortApi":{"format":"int32","type":"integer"},"PathFile":{"type":"string"},"DatabaseAccessConfig":{"$ref":"#/definitions/DatabaseAccessConfig"},"CopyDbLoaderConfig":{"$ref":"#/definitions/LoaderConfig"},"AppDesktopConfig":{"$ref":"#/definitions/AppDesktopConfig"},"EnableDebug":{"type":"boolean"},"ServiceReader":{"$ref":"#/definitions/ServiceReaderConfig"}}},"DatabaseAccessConfig":{"type":"object","properties":{"ConnectionStrings":{"type":"array","items":{"$ref":"#/definitions/ConnectionStringNode"}}}},"LoaderConfig":{"type":"object","properties":{"BackupWorkerConfigs":{"type":"array","items":{"$ref":"#/definitions/BackupWorkerConfig"}},"RestoreWorkerConfigs":{"type":"array","items":{"$ref":"#/definitions/RestoreWorkerConfig"}}}},"AppDesktopConfig":{"type":"object","properties":{"FileLatestVersionUrl":{"type":"string"},"ServiceLatestVersionUrl":{"type":"string"},"Language":{"type":"string"},"LocalService":{"type":"string"},"UdpService":{"type":"string"},"IdLocal":{"type":"string"},"PathFile":{"type":"string"},"DesktopType":{"format":"int32","enum":[0,1,2],"type":"integer"},"EnableDebug":{"type":"boolean"},"ClientConnections":{"type":"array","items":{"$ref":"#/definitions/ServerEndpoint"}},"User":{"$ref":"#/definitions/UserInfo"}}},"ServiceReaderConfig":{"type":"object","properties":{"KeepValueMaxCircleTime":{"format":"int32","type":"integer"}}},"ConnectionStringNode":{"type":"object","properties":{"Id":{"type":"string"},"ConnectionString":{"type":"string"},"ConnectionType":{"format":"int32","enum":[0,1],"type":"integer"},"PermissionConfig":{"$ref":"#/definitions/PermissionConfig"}}},"BackupWorkerConfig":{"type":"object","properties":{"ResetAtTime":{"type":"string"},"ResetAtDay":{"format":"int32","enum":[0,1,2,3,4,5,6],"type":"integer"},"Id":{"type":"string"},"DelayTime":{"type":"string"},"DirRoot":{"type":"string"},"DirData":{"type":"string"},"workerMode":{"format":"int32","enum":[0,1],"type":"integer"},"IsAuto":{"type":"boolean","readOnly":true},"DbName":{"type":"string","readOnly":true},"SqlConnectString":{"type":"string"}}},"RestoreWorkerConfig":{"type":"object","properties":{"IdBackupWorker":{"type":"string"},"BackupAddress":{"type":"string"},"MaxFileDownload":{"format":"int32","type":"integer"},"Id":{"type":"string"},"DelayTime":{"type":"string"},"DirRoot":{"type":"string"},"DirData":{"type":"string"},"workerMode":{"format":"int32","enum":[0,1],"type":"integer"},"IsAuto":{"type":"boolean","readOnly":true},"DbName":{"type":"string","readOnly":true},"SqlConnectString":{"type":"string"}}},"ServerEndpoint":{"type":"object","properties":{"Id":{"type":"string"},"Name":{"type":"string"},"ApiServerEndpoint":{"type":"string"}}},"UserInfo":{"type":"object","properties":{"Name":{"type":"string"},"IsLogined":{"type":"boolean"}}},"PermissionConfig":{"type":"object","properties":{"IsAllowRead":{"type":"boolean"},"IsAllowInsert":{"type":"boolean"},"IsAllowUpdate":{"type":"boolean"},"IsAllowDelete":{"type":"boolean"}}},"SetConfigServiceRequest":{"type":"object","properties":{"Config":{"$ref":"#/definitions/ServiceConfig"}}},"SetConfigServiceResponse":{"type":"object","properties":{"Config":{"$ref":"#/definitions/ServiceConfig"}}},"GetConnectionRequest":{"type":"object","properties":{}},"ConnectionEntity":{"type":"object","properties":{"central":{"type":"string"},"TimerConnect":{"type":"string"},"ModScan":{"type":"string"},"StatusGlobal":{"type":"string"}}},"UpdateConnectionRequest":{"type":"object","properties":{"Connection":{"$ref":"#/definitions/ConnectionEntity"}}},"GetMeasureDataSummaryAllRequest":{"type":"object","properties":{}},"GetMeasureDataSummaryAllResponse":{"type":"object","properties":{"MeasureDataSummarys":{"type":"array","items":{"$ref":"#/definitions/GetMeasureDataSummaryAllItem"}}}},"GetMeasureDataSummaryAllItem":{"type":"object","properties":{"IsSuccess":{"type":"boolean"},"Message":{"type":"string"},"Endpoint":{"$ref":"#/definitions/ServerEndpoint"},"MeasureDataSummaryResponse":{"$ref":"#/definitions/GetMeasureDataSummaryResponse"}}},"GetMeasureDataSummaryResponse":{"type":"object","properties":{"MeasureDataSummary":{"$ref":"#/definitions/MeasureDataSummaryItem"}}},"MeasureDataSummaryItem":{"type":"object","properties":{"NextTimeFetchDataInService":{"format":"date-time","type":"string"},"LatestFetchDataInService":{"format":"date-time","type":"string"},"ConnectionStatus":{"$ref":"#/definitions/ConnectionHistoryEntity"},"MeasureDataSumaryItemZips":{"type":"array","items":{"$ref":"#/definitions/MeasureDataSumaryItemZip"}}}},"ConnectionHistoryEntity":{"type":"object","properties":{"ID":{"format":"uuid","type":"string","example":"00000000-0000-0000-0000-000000000000"},"CreateTime":{"format":"date-time","type":"string"},"Message":{"type":"string"},"CopyTimerConnect":{"type":"string"},"CopyModScan":{"type":"string"},"CopyStatusGlobal":{"type":"string"},"Central":{"type":"string"},"StatusGlobalEnum":{"format":"int32","type":"integer"},"CopyCentral":{"type":"string"},"TimerConnectEnum":{"format":"int32","type":"integer"},"LastChangeStatusGlobal":{"format":"date-time","type":"string"},"LastChangeTimerConnect":{"format":"date-time","type":"string"}}},"MeasureDataSumaryItemZip":{"type":"object","properties":{"IDDevice":{"format":"uuid","type":"string","example":"00000000-0000-0000-0000-000000000000"},"Data":{"type":"string"}}},"DeleteDetectorRequest":{"type":"object","properties":{"Detector":{"$ref":"#/definitions/DetectorConfigEntity"}}},"DetectorConfigEntity":{"type":"object","properties":{"ID":{"type":"string"},"Group":{"type":"string"},"State":{"format":"int32","type":"integer"},"Range":{"type":"string"},"CreateTime":{"format":"date-time","type":"string"},"UpdateTime":{"format":"date-time","type":"string"},"MinChart":{"format":"double","type":"number"},"MaxChart":{"format":"double","type":"number"},"MinValue":{"format":"int32","type":"integer"},"MaxValue":{"format":"int32","type":"integer"},"MinHightChart":{"format":"double","type":"number"},"MaxHightChart":{"format":"double","type":"number"},"ChartDrawType":{"format":"int32","type":"integer"}}},"DetectorConfigRequest":{"type":"object","properties":{"IDDectectors":{"type":"array","items":{"type":"string"}}}},"DetectorConfigResponse":{"type":"object","properties":{"Detectors":{"type":"object","additionalProperties":{"$ref":"#/definitions/DetectorConfigEntity"}},"Formulas":{"type":"object","additionalProperties":{"type":"array","items":{"$ref":"#/definitions/DetectorFormulaConfigEntity"}}}}},"DetectorFormulaConfigEntity":{"type":"object","properties":{"ID":{"format":"uuid","type":"string","example":"00000000-0000-0000-0000-000000000000"},"IDDetector":{"type":"string"},"FormulaOfValue":{"type":"string"},"FromValue":{"format":"int32","type":"integer"},"ToValue":{"format":"int32","type":"integer"},"FormulaType":{"format":"int32","type":"integer"},"Comment":{"type":"string"},"CreateTime":{"format":"date-time","type":"string"},"UpdateTime":{"format":"date-time","type":"string"},"State":{"format":"int32","type":"integer"},"ChartType":{"format":"int32","type":"integer"}}},"SaveDetectorConfigRequest":{"type":"object","properties":{"Detector":{"$ref":"#/definitions/DetectorConfigEntity"},"DetectorFormulas":{"type":"array","items":{"$ref":"#/definitions/DetectorFormulaConfigEntity"}}}},"GetDeviceConfigRequest":{"type":"object","properties":{}},"GetDeviceConfigResponse":{"type":"object","properties":{"DeviceConfigs":{"type":"array","items":{"$ref":"#/definitions/DeviceConfigEntity"}}}},"DeviceConfigEntity":{"type":"object","properties":{"ID":{"format":"uuid","type":"string","example":"00000000-0000-0000-0000-000000000000"},"CreateTime":{"format":"date-time","type":"string"},"UpdateTime":{"format":"date-time","type":"string"},"State":{"format":"int32","type":"integer"},"CopyID":{"format":"int32","type":"integer"},"CopyName":{"type":"string"},"CopyCentral":{"type":"string"},"CopyLine":{"type":"string"},"CopyPosition":{"type":"string"},"CopySensorKod":{"type":"string"},"CopyStatus":{"type":"string"},"Name":{"type":"string"},"Central":{"type":"string"},"Line":{"type":"string"},"Position":{"type":"string"},"SensorKod":{"type":"string"},"Status":{"type":"string"},"Detector":{"type":"string"},"AG":{"format":"double","type":"number"},"AO":{"format":"double","type":"number"},"APS":{"format":"double","type":"number"},"SwitchingOffType":{"format":"int32","type":"integer"},"SwitchingOffControl":{"format":"int32","type":"integer"},"DescriptionOfAlarmReceiver":{"type":"string"},"SwitchedOfElectricEqipment":{"type":"string"},"PA_AGChannels":{"type":"string"},"PA_AOChannels":{"type":"string"},"OutputsAlarms":{"type":"string"},"StatusConfig":{"type":"string"},"Area":{"type":"string"},"DetectorDescription1":{"type":"string"},"DetectorDescription2":{"type":"string"},"DetectorDescription3":{"type":"string"},"DetectorDescription4":{"type":"string"},"TimeReader":{"format":"int32","type":"integer"},"IsOff":{"type":"boolean"},"TimeUnlockBlockingRequestCalib":{"format":"date-time","type":"string"}}},"GetDeviceByIDRequest":{"type":"object","properties":{"ids":{"type":"array","items":{"format":"uuid","type":"string","example":"00000000-0000-0000-0000-000000000000"}}}},"GetDeviceByIDResponse":{"type":"object","properties":{"DeviceConfig":{"type":"array","items":{"$ref":"#/definitions/DeviceConfigEntity"}}}},"ReloadDeviceConfigRequest":{"type":"object","properties":{}},"UpdateOnOffRequest":{"type":"object","properties":{"ID":{"format":"uuid","type":"string","example":"00000000-0000-0000-0000-000000000000"},"IsOff":{"type":"boolean"}}},"SaveDeviceConfigRequest":{"type":"object","properties":{"DeviceConfigs":{"type":"array","items":{"$ref":"#/definitions/DeviceConfigEntity"}}}},"ApiResponseView":{"type":"object","properties":{"Version":{"$ref":"#/definitions/Version"},"Content":{"$ref":"#/definitions/HttpContent"},"StatusCode":{"format":"int32","enum":[100,101,200,201,202,203,204,205,206,300,300,301,301,302,302,303,303,304,305,306,307,307,400,401,402,403,404,405,406,407,408,409,410,411,412,413,414,415,416,417,426,500,501,502,503,504,505],"type":"integer"},"ReasonPhrase":{"type":"string"},"Headers":{"type":"array","items":{"$ref":"#/definitions/KeyValuePair[String,IEnumerable[String]]"},"readOnly":true},"RequestMessage":{"type":"object"},"IsSuccessStatusCode":{"type":"boolean","readOnly":true}}},"Version":{"type":"object","properties":{"_Major":{"format":"int32","type":"integer"},"_Minor":{"format":"int32","type":"integer"},"_Build":{"format":"int32","type":"integer"},"_Revision":{"format":"int32","type":"integer"}}},"HttpContent":{"type":"object","properties":{"Headers":{"type":"array","items":{"$ref":"#/definitions/KeyValuePair[String,IEnumerable[String]]"},"readOnly":true}}},"KeyValuePair[String,IEnumerable[String]]":{"type":"object","properties":{"key":{"type":"string"},"value":{"type":"array","items":{"type":"string"}}}},"PingRequest":{"type":"object","properties":{}},"IWorker":{"type":"object","properties":{"Id":{"type":"string","readOnly":true},"Name":{"type":"string","readOnly":true},"Hooks":{"type":"array","items":{"$ref":"#/definitions/IWorkerHook"},"readOnly":true},"Config":{"$ref":"#/definitions/IWorkerConfig","readOnly":true},"State":{"$ref":"#/definitions/IWorkerState","readOnly":true}}},"IWorkerHook":{"type":"object","properties":{"Name":{"type":"string","readOnly":true}}},"IWorkerConfig":{"type":"object","properties":{"Id":{"type":"string","readOnly":true},"DelayTime":{"type":"string","readOnly":true},"SqlConnectString":{"type":"string","readOnly":true},"workerMode":{"format":"int32","enum":[0,1],"type":"integer","readOnly":true}}},"IWorkerState":{"type":"object","properties":{"IsSuccess":{"type":"boolean","readOnly":true},"Message":{"type":"string","readOnly":true},"LastRun":{"format":"date-time","type":"string","readOnly":true}}},"GetNewBackupRequest":{"type":"object","properties":{"IdBackupWorker":{"type":"string"},"CurrentVersion":{"type":"string"}}},"GetMapSettingRequest":{"type":"object","properties":{}},"GetMapSettingResponse":{"type":"object","properties":{"MapSettings":{"type":"array","items":{"$ref":"#/definitions/GetMapSettingItem"}}}},"GetMapSettingItem":{"type":"object","properties":{"IdMap":{"type":"string"},"NameMap":{"type":"string"},"LinkImageMap":{"type":"string"}}},"UpdateMeasureRequest":{"type":"object","properties":{"Measures":{"type":"array","items":{"$ref":"#/definitions/MeasureEntity"}}}},"MeasureEntity":{"type":"object","properties":{"id":{"format":"int32","type":"integer"},"idDevice":{"format":"int32","type":"integer"},"Value":{"type":"string"},"date_time":{"format":"date-time","type":"string"}}},"GetMeasureLogRequest":{"type":"object","properties":{"FromTime":{"format":"date-time","type":"string"},"ToTime":{"format":"date-time","type":"string"}}},"GetMeasureLogResponse":{"type":"object","properties":{"MeasureLogs":{"type":"array","items":{"$ref":"#/definitions/MeasureLog"}}}},"MeasureLog":{"type":"object","properties":{"IDDevice":{"format":"uuid","type":"string","example":"00000000-0000-0000-0000-000000000000"},"CreateTime":{"format":"date-time","type":"string"},"Central":{"type":"string"},"Position":{"type":"string"},"RangeMedium":{"type":"string"},"AG":{"format":"double","type":"number"},"AG_Alarm":{"format":"int32","enum":[0,1,2,4],"type":"integer"},"AO":{"format":"double","type":"number"},"AO_Alarm":{"format":"int32","enum":[0,1,2,4],"type":"integer"},"ControlTimeReader":{"type":"string"},"RawValue":{"type":"string"},"Detector":{"type":"string"},"Area":{"type":"string"},"APS_Alarm":{"format":"int32","enum":[0,1,2,4],"type":"integer"},"UW_Alarm":{"format":"int32","enum":[0,1,2,4],"type":"integer"}}},"GetInfoTimeFetchDataInServiceRequest":{"type":"object","properties":{}},"GetInfoTimeFetchDataInServiceResponse":{"type":"object","properties":{"NextTimeFetchDataInService":{"format":"date-time","type":"string"},"LatestFetchDataInService":{"format":"date-time","type":"string"}}},"GetMeasureDataAndLogsRequest":{"type":"object","properties":{"LogFromTime":{"format":"date-time","type":"string"},"LogToTime":{"format":"date-time","type":"string"}}},"GetMeasureDataAndLogsResponse":{"type":"object","properties":{"MeasureDatas":{"type":"array","items":{"$ref":"#/definitions/MeasureDataEntity"}},"MeasureLogs":{"type":"array","items":{"$ref":"#/definitions/MeasureLog"}},"NextTimeFetchDataInService":{"format":"date-time","type":"string"},"LatestFetchDataInService":{"format":"date-time","type":"string"},"ConnectionStatus":{"type":"array","items":{"$ref":"#/definitions/ConnectionHistoryEntity"}}}},"MeasureDataEntity":{"type":"object","properties":{"ID":{"format":"uuid","type":"string","example":"00000000-0000-0000-0000-000000000000"},"CreateTime":{"format":"date-time","type":"string"},"IDDevice":{"format":"uuid","type":"string","example":"00000000-0000-0000-0000-000000000000"},"RawValue":{"type":"string"},"Value":{"format":"double","type":"number"},"APSValue":{"format":"double","type":"number"},"Central":{"type":"string"},"AO_Alarm":{"format":"int32","type":"integer"},"AG_Alarm":{"format":"int32","type":"integer"},"APS_Alarm":{"format":"int32","type":"integer"},"UW_Alarm":{"format":"int32","type":"integer"},"LockControlState1":{"format":"int32","type":"integer"},"LockControlState2":{"format":"int32","type":"integer"},"CalibMode":{"format":"int32","type":"integer"},"ChartCase":{"format":"int32","type":"integer"},"InputValue":{"type":"string"},"AO_Config":{"format":"double","type":"number"},"AG_Config":{"format":"double","type":"number"},"StatusGlobal":{"format":"int32","type":"integer"}}},"GetPortServerNotifierRequest":{"type":"object","properties":{}},"GetMeasureDataRequest":{"type":"object","properties":{}},"GetMeasureDataReponse":{"type":"object","properties":{"MeasureDatas":{"type":"array","items":{"$ref":"#/definitions/MeasureDataEntity"}}}},"GetCalibFormulaRequest":{"type":"object","properties":{}},"GetCalibFormulaResponse":{"type":"object","properties":{"Requeting":{"type":"array","items":{"$ref":"#/definitions/DetectorFormulaConfigEntity"}},"Requeted":{"type":"array","items":{"$ref":"#/definitions/DetectorFormulaConfigEntity"}}}},"UpdateLockControlRequest":{"type":"object","properties":{"IDDevice":{"format":"uuid","type":"string","example":"00000000-0000-0000-0000-000000000000"},"LockControlState1":{"format":"int32","enum":[0,1,2],"type":"integer"},"LockControlState2":{"format":"int32","enum":[0,1,2],"type":"integer"}}},"UpdateLockControlReponse":{"type":"object","properties":{"IsSuccess":{"type":"boolean"},"Message":{"type":"string"}}},"UpdateCalibModeRequest":{"type":"object","properties":{"IDDevice":{"format":"uuid","type":"string","example":"00000000-0000-0000-0000-000000000000"},"CalibMode":{"format":"int32","enum":[0,1,2,10,11,20],"type":"integer"}}},"UpdateCalibModeRespone":{"type":"object","properties":{"IsSuccess":{"type":"boolean"},"Message":{"type":"string"}}},"GetMeasureDataReportRequest":{"type":"object","properties":{"FromTime":{"format":"date-time","type":"string"},"ToTime":{"format":"date-time","type":"string"},"IdDevices":{"type":"array","items":{"format":"uuid","type":"string","example":"00000000-0000-0000-0000-000000000000"}}}},"GetMeasureDataReportResponse":{"type":"object","properties":{"MeasureDatas":{"type":"array","items":{"$ref":"#/definitions/MeasureDataEntity"}}}},"GetMeasureDataSummaryRequest":{"type":"object","properties":{}},"GetAOAGFixedRequest":{"type":"object","properties":{}},"GetAOAGFixedResponse":{"type":"object","properties":{"AOAGFixedItems":{"type":"array","items":{"$ref":"#/definitions/AOAGFixedItem"}}}},"AOAGFixedItem":{"type":"object","properties":{"ChanelInput":{"type":"string"},"AlarmType":{"format":"int32","enum":[0,1,2,3],"type":"integer"},"Chanel":{"type":"string","readOnly":true},"ChanelCenter":{"type":"string","readOnly":true},"IsValid":{"type":"boolean","readOnly":true},"Message":{"type":"string","readOnly":true},"IDDevice":{"format":"uuid","type":"string","readOnly":true,"example":"00000000-0000-0000-0000-000000000000"}}},"SetAOAGFixedRequest":{"type":"object","properties":{"Chanels":{"type":"string"},"AlarmType":{"format":"int32","enum":[0,1,2,3],"type":"integer"}}},"SetAOAGFixedResponse":{"type":"object","properties":{"MessageError":{"type":"array","items":{"type":"string"}},"AOAGFixedItems":{"type":"array","items":{"$ref":"#/definitions/AOAGFixedItem"}}}},"GetSettingApiRuntimeRequest":{"type":"object","properties":{}},"SettingApiRuntime":{"type":"object","properties":{"ConnectionStrings":{"type":"array","items":{"$ref":"#/definitions/ConnectionStringSettings"}},"AppSettings":{"type":"array","items":{"$ref":"#/definitions/KeyValuePair[String,String]"}}}},"ConnectionStringSettings":{"type":"object","properties":{"Name":{"type":"string"},"ConnectionString":{"type":"string"},"ProviderName":{"type":"string"},"LockAttributes":{"type":"array","items":{"type":"object"},"readOnly":true},"LockAllAttributesExcept":{"type":"array","items":{"type":"object"},"readOnly":true},"LockElements":{"type":"array","items":{"type":"object"},"readOnly":true},"LockAllElementsExcept":{"type":"array","items":{"type":"object"},"readOnly":true},"LockItem":{"type":"boolean"},"ElementInformation":{"$ref":"#/definitions/ElementInformation","readOnly":true},"CurrentConfiguration":{"$ref":"#/definitions/Configuration","readOnly":true}}},"KeyValuePair[String,String]":{"type":"object","properties":{"key":{"type":"string"},"value":{"type":"string"}}},"ElementInformation":{"type":"object","properties":{"Properties":{"type":"array","items":{"type":"object"},"readOnly":true},"IsPresent":{"type":"boolean","readOnly":true},"IsLocked":{"type":"boolean","readOnly":true},"IsCollection":{"type":"boolean","readOnly":true},"Source":{"type":"string","readOnly":true},"LineNumber":{"format":"int32","type":"integer","readOnly":true},"Type":{"type":"string","readOnly":true},"Validator":{"$ref":"#/definitions/ConfigurationValidatorBase","readOnly":true},"Errors":{"type":"array","items":{"type":"object"},"readOnly":true}}},"Configuration":{"type":"object","properties":{"AppSettings":{"$ref":"#/definitions/AppSettingsSection","readOnly":true},"ConnectionStrings":{"$ref":"#/definitions/ConnectionStringsSection","readOnly":true},"FilePath":{"type":"string","readOnly":true},"HasFile":{"type":"boolean","readOnly":true},"Locations":{"type":"array","items":{"type":"object"},"readOnly":true},"EvaluationContext":{"$ref":"#/definitions/ContextInformation","readOnly":true},"RootSectionGroup":{"$ref":"#/definitions/ConfigurationSectionGroup","readOnly":true},"Sections":{"type":"array","items":{"type":"object"},"readOnly":true},"SectionGroups":{"type":"array","items":{"type":"object"},"readOnly":true},"NamespaceDeclared":{"type":"boolean"},"TypeStringTransformer":{"$ref":"#/definitions/Func[String,String]"},"AssemblyStringTransformer":{"$ref":"#/definitions/Func[String,String]"},"TargetFramework":{"$ref":"#/definitions/FrameworkName"}}},"ConfigurationValidatorBase":{"type":"object","properties":{}},"AppSettingsSection":{"type":"object","properties":{"Settings":{"type":"array","items":{"type":"object"},"readOnly":true},"File":{"type":"string"},"SectionInformation":{"$ref":"#/definitions/SectionInformation","readOnly":true},"LockAttributes":{"type":"array","items":{"type":"object"},"readOnly":true},"LockAllAttributesExcept":{"type":"array","items":{"type":"object"},"readOnly":true},"LockElements":{"type":"array","items":{"type":"object"},"readOnly":true},"LockAllElementsExcept":{"type":"array","items":{"type":"object"},"readOnly":true},"LockItem":{"type":"boolean"},"ElementInformation":{"$ref":"#/definitions/ElementInformation","readOnly":true},"CurrentConfiguration":{"$ref":"#/definitions/Configuration","readOnly":true}}},"ConnectionStringsSection":{"type":"object","properties":{"ConnectionStrings":{"type":"array","items":{"type":"object"},"readOnly":true},"SectionInformation":{"$ref":"#/definitions/SectionInformation","readOnly":true},"LockAttributes":{"type":"array","items":{"type":"object"},"readOnly":true},"LockAllAttributesExcept":{"type":"array","items":{"type":"object"},"readOnly":true},"LockElements":{"type":"array","items":{"type":"object"},"readOnly":true},"LockAllElementsExcept":{"type":"array","items":{"type":"object"},"readOnly":true},"LockItem":{"type":"boolean"},"ElementInformation":{"$ref":"#/definitions/ElementInformation","readOnly":true},"CurrentConfiguration":{"$ref":"#/definitions/Configuration","readOnly":true}}},"ContextInformation":{"type":"object","properties":{"HostingContext":{"type":"object","readOnly":true},"IsMachineLevel":{"type":"boolean","readOnly":true}}},"ConfigurationSectionGroup":{"type":"object","properties":{"IsDeclared":{"type":"boolean","readOnly":true},"IsDeclarationRequired":{"type":"boolean","readOnly":true},"SectionGroupName":{"type":"string","readOnly":true},"Name":{"type":"string","readOnly":true},"Type":{"type":"string"},"Sections":{"type":"array","items":{"type":"object"},"readOnly":true},"SectionGroups":{"type":"array","items":{"type":"object"},"readOnly":true}}},"Func[String,String]":{"type":"object","properties":{"Method":{"$ref":"#/definitions/MethodInfo","readOnly":true},"Target":{"type":"object","readOnly":true}}},"FrameworkName":{"type":"object","properties":{"m_identifier":{"type":"string"},"m_version":{"$ref":"#/definitions/Version"},"m_profile":{"type":"string"},"m_fullName":{"type":"string"}}},"SectionInformation":{"type":"object","properties":{"SectionName":{"type":"string","readOnly":true},"Name":{"type":"string","readOnly":true},"AllowDefinition":{"format":"int32","enum":[0,100,200,300],"type":"integer"},"AllowExeDefinition":{"format":"int32","enum":[0,100,200,300],"type":"integer"},"OverrideModeDefault":{"format":"int32","enum":[0,1,2],"type":"integer"},"AllowLocation":{"type":"boolean"},"AllowOverride":{"type":"boolean"},"OverrideMode":{"format":"int32","enum":[0,1,2],"type":"integer"},"OverrideModeEffective":{"format":"int32","enum":[0,1,2],"type":"integer","readOnly":true},"ConfigSource":{"type":"string"},"InheritInChildApplications":{"type":"boolean"},"IsDeclared":{"type":"boolean","readOnly":true},"IsDeclarationRequired":{"type":"boolean","readOnly":true},"IsLocked":{"type":"boolean","readOnly":true},"IsProtected":{"type":"boolean","readOnly":true},"ConfigurationBuilder":{"$ref":"#/definitions/ConfigurationBuilder","readOnly":true},"ProtectionProvider":{"$ref":"#/definitions/ProtectedConfigurationProvider","readOnly":true},"RestartOnExternalChanges":{"type":"boolean"},"RequirePermission":{"type":"boolean"},"Type":{"type":"string"},"ForceSave":{"type":"boolean"}}},"MethodInfo":{"type":"object","properties":{}},"ConfigurationBuilder":{"type":"object","properties":{"Name":{"type":"string","readOnly":true},"Description":{"type":"string","readOnly":true}}},"ProtectedConfigurationProvider":{"type":"object","properties":{"Name":{"type":"string","readOnly":true},"Description":{"type":"string","readOnly":true}}},"SaveSettingApiRuntimeRequest":{"type":"object","properties":{"SettingApiRuntime":{"$ref":"#/definitions/SettingApiRuntime"}}},"ReloadRuntimeRequest":{"type":"object","properties":{}},"SettingAppRequest":{"type":"object","properties":{"SettingKey":{"format":"int32","enum":[0,1,2,3,4,5,6,7,8,9,10,11,12,13,14,15],"type":"integer"}}},"SettingAppEntity":{"type":"object","properties":{"Key":{"type":"string"},"Value":{"type":"string"},"Metadata":{"type":"string"},"UpdateTime":{"format":"date-time","type":"string"}}},"SaveSettingAppRequest":{"type":"object","properties":{"Settings":{"type":"array","items":{"$ref":"#/definitions/SettingAppEntity"}}}},"ExecuteResult":{"type":"object","properties":{"IsSuccess":{"type":"boolean"},"Message":{"type":"string"},"TableResults":{"type":"array","items":{"$ref":"#/definitions/TableResult"}}}},"TableResult":{"type":"object","properties":{"TableName":{"type":"string"},"Columns":{"type":"array","items":{"type":"string"}},"Rows":{"type":"array","items":{"type":"array","items":{"type":"object"}}}}},"ExecuteSqlCmdRespone":{"type":"object","properties":{"LogonMessage":{"type":"string"},"CommandGoResults":{"type":"array","items":{"type":"string"}}}},"ExportDataZipRequest":{"type":"object","properties":{"TableName":{"type":"string"},"IdServerConnectionString":{"type":"string"},"Query":{"type":"string"},"DynamicParamJson":{"type":"string"}}},"ImportDataZipRequest":{"type":"object","properties":{"ConnectionType":{"format":"int32","enum":[0,1],"type":"integer"},"IdLocalConnectionString":{"type":"string"},"IdEndpointServer":{"type":"string"},"ExportDataRequest":{"$ref":"#/definitions/ExportDataZipRequest"},"DynamicParamJson":{"type":"string"}}},"MergeDataZipRequest":{"type":"object","properties":{"TemplateMergeQuery":{"type":"string"},"ConnectionType":{"format":"int32","enum":[0,1],"type":"integer"},"IdLocalConnectionString":{"type":"string"},"IdEndpointServer":{"type":"string"},"ExportDataRequest":{"$ref":"#/definitions/ExportDataZipRequest"},"DynamicParamJson":{"type":"string"}}},"GetInfoDatabaseRequest":{"type":"object","properties":{}},"GetInfoDatabaseResponse":{"type":"object","properties":{"ConnectionStringNodes":{"type":"array","items":{"$ref":"#/definitions/ConnectionStringNode"}}}},"QueryDatabaseRequest":{"type":"object","properties":{"ConnectionString":{"type":"string"},"Query":{"type":"string"}}},"QueryDatabaseResponse":{"type":"object","properties":{"Data":{"type":"array","items":{"type":"object","additionalProperties":{"type":"object"}}}}},"SaveConfigSyncTableRequest":{"type":"object","properties":{"JsonConfig":{"type":"string"},"Key":{"type":"string"}}},"GetConfigSyncTableRequest":{"type":"object","properties":{"Key":{"type":"string"}}},"TemplateMergeRequest":{"type":"object","properties":{"TableName":{"type":"string"},"IdServerConnectionString":{"type":"string"}}},"GetInputFormatJsonDemoRequest":{"type":"object","properties":{"Request":{"$ref":"#/definitions/ApplyDataZipRequestBase"}}},"ApplyDataZipRequestBase":{"type":"object","properties":{"ConnectionType":{"format":"int32","enum":[0,1],"type":"integer"},"IdLocalConnectionString":{"type":"string"},"IdEndpointServer":{"type":"string"},"ExportDataRequest":{"$ref":"#/definitions/ExportDataZipRequest"},"DynamicParamJson":{"type":"string"}}}}}